<?xml version="1.0" encoding="UTF-8"?>
<project-private xmlns="http://www.netbeans.org/ns/project-private/1">
    <editor-bookmarks xmlns="http://www.netbeans.org/ns/editor-bookmarks/2" lastBookmarkId="0"/>
    <open-files xmlns="http://www.netbeans.org/ns/projectui-open-files/2">
        <group>
            <file>file:/home/eduardo/Área%20de%20Trabalho/Login%20(2)/src/Views/Quadrinhos.java</file>
            <file>file:/home/eduardo/Área%20de%20Trabalho/Login%20(2)/src/Views/Fase1.java</file>
            <file>file:/home/eduardo/Área%20de%20Trabalho/Login%20(2)/src/Views/Tela7.java</file>
            <file>file:/home/eduardo/Área%20de%20Trabalho/Login%20(2)/src/Views/teste.java</file>
            <file>file:/home/eduardo/Área%20de%20Trabalho/Login%20(2)/src/Main/Main.java</file>
            <file>file:/home/eduardo/Área%20de%20Trabalho/Login%20(2)/src/Views/Tela6.java</file>
            <file>file:/home/eduardo/Área%20de%20Trabalho/Login%20(2)/src/Views/Tela8.java</file>
            <file>file:/home/eduardo/Área%20de%20Trabalho/Login%20(2)/src/Model/Pessoa.java</file>
            <file>file:/home/eduardo/Área%20de%20Trabalho/Login%20(2)/src/Views/Login.java</file>
            <file>file:/home/eduardo/Área%20de%20Trabalho/Login%20(2)/src/Views/Cadastro.java</file>
        </group>
    </open-files>
</project-private>
